,Unnamed: 0,Unnamed: 1,Unnamed: 2,A,R,N,D,C,Q,E,G,H,I,L,K,M,F,P,S,T,W,Y  V,A.1,R.1,N.1,D.1,C.1,Q.1,E.1,G.1,H.1,I.1,L.1,K.1,M.1,F.1,P.1,S.1,T.1,W.1,Y,V,Unnamed: 42,Unnamed: 43
0,1,D,-2,-2,1,6,-4,0,2,-1,-1,-3,-4,-1,-3,-4,-2,0,-1,-4,-3,-3,0,0,0,100,0,0,0,0,0,0,0,0,0,0,0,0,0,0,0,0,0.93,0.0
1,2,V,0,-2,-1,-2,-1,-1,-2,-2,-2,1,0,-1,0,-1,-2,0,3,-3,-1,3,0,0,0,0,0,0,0,0,0,0,0,0,0,0,0,0,50,0,0,50,0.25,0.0
2,3,S,1,-1,1,0,-1,0,0,0,-1,-2,-2,0,-2,-2,-1,4,1,-3,-2,-2,0,0,0,0,0,0,0,0,0,0,0,0,0,0,0,100,0,0,0,0,0.46,0.0
3,4,G,0,-2,0,-1,-3,-2,-2,6,-2,-4,-4,-2,-3,-3,-2,0,-2,-3,-3,-3,0,0,0,0,0,0,0,100,0,0,0,0,0,0,0,0,0,0,0,0,1.06,0.01
4,5,T,-1,3,0,-1,-2,3,1,-2,0,-2,-2,1,-1,-3,-1,0,2,-2,-2,-1,0,32,0,0,0,36,0,0,0,0,0,0,0,0,0,0,32,0,0,0,0.37,0.0
5,6,V,0,-3,-3,-3,-1,-2,-3,-3,-3,3,1,-2,1,-1,-2,-2,0,-3,-1,4,0,0,0,0,0,0,0,0,0,0,0,0,0,0,0,0,0,0,0,100,0.36,0.01
6,7,C,-1,3,-2,-3,7,-1,-2,-3,-2,-2,-2,0,-1,-3,-3,-1,-1,-3,-2,-1,0,36,0,0,64,0,0,0,0,0,0,0,0,0,0,0,0,0,0,0,0.72,0.01
7,8,L,-2,-2,-3,-3,-2,-2,-3,-3,-1,1,3,-2,1,1,-3,-2,-1,0,4,0,0,0,0,0,0,0,0,0,0,0,68,0,0,0,0,0,0,0,32,0,0.38,0.0
8,9,S,3,-1,0,-1,-1,0,0,0,-1,-2,-2,0,-1,-2,-1,3,1,-3,-2,-1,36,0,0,0,0,0,0,0,0,0,0,0,0,0,0,64,0,0,0,0,0.37,0.0
9,10,A,3,-2,0,3,-1,-1,0,0,-1,-2,-2,-1,-2,-3,-1,1,0,-3,-2,-1,64,0,0,36,0,0,0,0,0,0,0,0,0,0,0,0,0,0,0,0,0.35,0.0
10,11,L,-2,-2,-3,-4,-1,-2,-3,-4,-3,2,4,-3,2,0,-3,-3,-1,-2,-1,1,0,0,0,0,0,0,0,0,0,0,100,0,0,0,0,0,0,0,0,0,0.47,0.0
11,12,P,-1,-2,-2,-2,-3,-1,-1,-2,-2,-3,-3,-1,-3,-4,8,-1,-1,-4,-3,-2,0,0,0,0,0,0,0,0,0,0,0,0,0,0,100,0,0,0,0,0,2.06,0.01
12,13,P,0,-2,-1,-1,-2,-1,-1,-1,-2,-3,-3,-1,-2,-3,6,2,0,-3,-3,-2,0,0,0,0,0,0,0,0,0,0,0,0,0,0,68,32,0,0,0,0,1.27,0.01
13,14,E,-1,0,0,1,-3,4,4,-2,0,-3,-3,1,-1,-3,-1,0,-1,-3,-2,-2,0,0,0,0,0,32,68,0,0,0,0,0,0,0,0,0,0,0,0,0,0.64,0.0
14,15,A,4,-1,-2,-2,0,-1,-1,0,-2,-1,-2,-1,-1,-2,-1,1,0,-3,-2,0,100,0,0,0,0,0,0,0,0,0,0,0,0,0,0,0,0,0,0,0,0.42,0.01
15,16,T,-1,-1,0,-1,-1,0,-1,-2,5,-1,-2,-1,-1,-2,-1,1,4,-2,0,-1,0,0,0,0,0,0,0,0,32,0,0,0,0,0,0,0,68,0,0,0,0.39,0.01
16,17,D,-2,-2,1,6,-4,0,1,-1,-1,-3,-4,-1,-3,-4,-2,0,-1,-4,-3,-3,0,0,0,100,0,0,0,0,0,0,0,0,0,0,0,0,0,0,0,0,0.95,0.01
17,18,T,0,-1,0,-1,-1,-1,-1,-2,-2,-1,-1,-1,-1,-2,-1,1,5,-3,-2,0,0,0,0,0,0,0,0,0,0,0,0,0,0,0,0,0,100,0,0,0,0.49,0.01
18,19,L,-2,-2,-3,-3,-2,-2,-3,-3,0,1,3,-2,1,2,-3,-2,-1,0,4,0,0,0,0,0,0,0,0,0,0,0,64,0,0,0,0,0,0,0,36,0,0.38,0.0
19,20,N,-1,-1,3,4,-3,1,3,-1,0,-3,-3,0,-2,-3,-2,0,-1,-4,-2,-3,0,0,32,32,0,0,36,0,0,0,0,0,0,0,0,0,0,0,0,0,0.56,0.0
20,21,L,-2,-2,-3,-4,-1,-2,-3,-4,-3,2,4,-3,2,0,-3,-3,-1,-2,-1,1,0,0,0,0,0,0,0,0,0,0,100,0,0,0,0,0,0,0,0,0,0.47,0.0
21,22,I,-1,-3,-3,-3,-1,-3,-3,-4,-3,4,2,-3,1,0,-3,-2,-1,-3,-1,3,0,0,0,0,0,0,0,0,0,100,0,0,0,0,0,0,0,0,0,0,0.41,0.01
22,23,A,2,-1,0,3,-2,1,3,-1,-1,-2,-3,0,-2,-3,-1,0,-1,-3,-2,-2,32,0,0,32,0,0,36,0,0,0,0,0,0,0,0,0,0,0,0,0,0.41,0.0
23,24,S,0,1,0,0,-2,1,3,-1,-1,-3,-3,3,-2,-3,-1,2,0,-3,-2,-2,0,0,0,0,0,0,32,0,0,0,0,36,0,0,0,32,0,0,0,0,0.37,0.0
24,25,D,0,-2,0,3,-3,-1,0,5,-2,-4,-4,-1,-3,-3,-2,0,-1,-3,-3,-3,0,0,0,32,0,0,0,68,0,0,0,0,0,0,0,0,0,0,0,0,0.73,0.0
25,26,G,0,-2,0,-1,-3,-2,-2,6,-2,-4,-4,-2,-3,-3,-2,0,-2,-3,-3,-3,0,0,0,0,0,0,0,100,0,0,0,0,0,0,0,0,0,0,0,0,1.06,0.01
26,27,P,-1,-2,-2,-2,-3,-1,-1,-2,-2,-3,-3,-1,-3,-4,8,-1,-1,-4,-3,-2,0,0,0,0,0,0,0,0,0,0,0,0,0,0,100,0,0,0,0,0,2.06,0.01
27,28,F,-2,-2,-3,-3,-2,-2,-3,-3,0,-1,0,-3,0,5,-3,-2,-2,1,5,-1,0,0,0,0,0,0,0,0,0,0,0,0,0,64,0,0,0,0,36,0,0.7,0.01
28,29,P,-1,-2,-2,-2,-3,-1,-1,-2,-2,-3,-3,-1,-3,-4,8,-1,-1,-4,-3,-2,0,0,0,0,0,0,0,0,0,0,0,0,0,0,100,0,0,0,0,0,2.06,0.01
29,30,Y,-2,-2,-2,-3,-2,-1,-2,-3,2,-1,-1,-2,-1,3,-3,-2,-2,2,7,-1,0,0,0,0,0,0,0,0,0,0,0,0,0,0,0,0,0,0,100,0,0.89,0.01
30,31,S,1,-1,0,-1,-1,-1,0,-1,-1,-3,-3,-1,-2,-3,5,3,1,-3,-2,-2,0,0,0,0,0,0,0,0,0,0,0,0,0,0,36,64,0,0,0,0,0.7,0.0
31,32,Q,-1,1,0,0,-3,5,3,-2,0,-3,-2,1,-1,-3,-1,0,-1,-2,-2,-2,0,0,0,0,0,64,36,0,0,0,0,0,0,0,0,0,0,0,0,0,0.61,0.01
32,33,D,-2,-2,1,6,-4,0,1,-1,-1,-3,-4,-1,-3,-4,-2,0,-1,-4,-3,-3,0,0,0,100,0,0,0,0,0,0,0,0,0,0,0,0,0,0,0,0,0.95,0.01
33,34,G,0,-2,0,-1,-3,-2,-2,6,-2,-4,-4,-2,-3,-3,-2,0,-2,-3,-3,-3,0,0,0,0,0,0,0,100,0,0,0,0,0,0,0,0,0,0,0,0,1.06,0.01
34,35,V,0,-2,-2,-2,-1,-2,-2,-3,-3,2,0,-2,0,-1,-2,0,3,-3,-1,3,0,0,0,0,0,0,0,0,0,0,0,0,0,0,0,0,36,0,0,64,0.25,0.0
35,36,V,0,-3,-3,-3,-1,-2,-3,-3,-3,3,1,-2,1,-1,-2,-2,0,-3,-1,4,0,0,0,0,0,0,0,0,0,0,0,0,0,0,0,0,0,0,0,100,0.36,0.01
36,37,F,-2,-3,-3,-4,-2,-3,-3,-3,-1,0,0,-3,0,6,-4,-2,-2,1,3,-1,0,0,0,0,0,0,0,0,0,0,0,0,0,100,0,0,0,0,0,0,0.76,0.01
37,38,Q,-1,1,0,0,-3,5,3,-2,0,-3,-2,1,-1,-3,-1,0,-1,-2,-2,-2,0,0,0,0,0,64,36,0,0,0,0,0,0,0,0,0,0,0,0,0,0.61,0.01
38,39,N,-2,0,6,1,-3,0,0,0,1,-3,-3,0,-2,-3,-2,1,0,-4,-2,-3,0,0,100,0,0,0,0,0,0,0,0,0,0,0,0,0,0,0,0,0,0.75,0.01
39,40,R,-1,6,0,-2,-3,1,0,-2,0,-3,-2,2,-1,-3,-2,-1,-1,-3,-2,-3,0,100,0,0,0,0,0,0,0,0,0,0,0,0,0,0,0,0,0,0,0.77,0.01
40,41,E,-1,0,0,1,-4,2,5,-2,0,-3,-3,1,-2,-3,-1,0,-1,-3,-2,-3,0,0,0,0,0,0,100,0,0,0,0,0,0,0,0,0,0,0,0,0,0.75,0.01
41,42,S,0,-2,0,-1,-2,-1,-1,5,-2,-3,-3,-1,-2,-3,-2,2,0,-3,-3,-3,0,0,0,0,0,0,0,68,0,0,0,0,0,0,0,32,0,0,0,0,0.67,0.0
42,43,V,-1,-3,-3,-3,-1,-2,-3,-4,-3,3,2,-3,1,0,-3,-2,-1,-2,-1,3,0,0,0,0,0,0,0,0,0,36,32,0,0,0,0,0,0,0,0,32,0.33,0.0
43,44,L,-2,-2,-3,-4,-1,-2,-3,-4,-3,2,4,-3,2,0,-3,-3,-1,-2,-1,1,0,0,0,0,0,0,0,0,0,0,100,0,0,0,0,0,0,0,0,0,0.47,0.0
44,45,P,-1,-2,-2,-2,-3,-1,-1,-2,-2,-3,-3,-1,-3,-4,8,-1,-1,-4,-3,-2,0,0,0,0,0,0,0,0,0,0,0,0,0,0,100,0,0,0,0,0,2.06,0.01
45,46,T,2,-1,0,3,-1,-1,0,-1,-1,-2,-2,-1,-1,-3,-1,1,2,-3,-2,-1,32,0,0,36,0,0,0,0,0,0,0,0,0,0,0,0,32,0,0,0,0.31,0.0
46,47,Q,-1,0,0,-1,6,3,0,-2,5,-2,-2,0,-1,-2,-2,-1,-1,-2,0,-2,0,0,0,0,36,32,0,0,32,0,0,0,0,0,0,0,0,0,0,0,0.48,0.01
47,48,S,3,-1,0,-1,-1,0,0,0,-1,-2,-2,0,-1,-2,-1,3,1,-3,-2,-1,36,0,0,0,0,0,0,0,0,0,0,0,0,0,0,64,0,0,0,0,0.37,0.0
48,49,Y,-1,-1,-1,0,-2,0,3,-2,0,-2,-2,0,-1,0,-2,0,2,0,4,-1,0,0,0,0,0,0,36,0,0,0,0,0,0,0,0,0,32,0,32,0,0.3,0.0
49,50,G,0,-2,0,-1,-3,-2,-2,6,-2,-4,-4,-2,-3,-3,-2,0,-2,-3,-3,-3,0,0,0,0,0,0,0,100,0,0,0,0,0,0,0,0,0,0,0,0,1.06,0.01
50,51,Y,-2,-2,-2,-3,-2,-1,-2,-3,2,-1,-1,-2,-1,3,-3,-2,-2,2,7,-1,0,0,0,0,0,0,0,0,0,0,0,0,0,0,0,0,0,0,100,0,0.89,0.01
51,52,Y,-2,-2,-2,-3,-2,-1,-2,-3,2,-1,-1,-2,-1,3,-3,-2,-2,2,7,-1,0,0,0,0,0,0,0,0,0,0,0,0,0,0,0,0,0,0,100,0,0.89,0.01
52,53,H,-2,0,1,-1,-3,0,0,-2,8,-3,-3,-1,-2,-1,-2,-1,-2,-2,2,-3,0,0,0,0,0,0,0,0,100,0,0,0,0,0,0,0,0,0,0,0,0.9,0.01
53,54,E,-1,0,0,1,-4,2,5,-2,0,-3,-3,1,-2,-3,-1,0,-1,-3,-2,-3,0,0,0,0,0,0,100,0,0,0,0,0,0,0,0,0,0,0,0,0,0.75,0.01
54,55,Y,-2,-2,-2,-3,-2,-1,-2,-3,2,-1,-1,-2,-1,3,-3,-2,-2,2,7,-1,0,0,0,0,0,0,0,0,0,0,0,0,0,0,0,0,0,0,100,0,0.89,0.01
55,56,T,0,-1,0,-1,-1,-1,-1,-2,-2,-1,-1,-1,-1,-2,-1,1,5,-3,-2,0,0,0,0,0,0,0,0,0,0,0,0,0,0,0,0,0,100,0,0,0,0.49,0.01
56,57,V,0,-3,-3,-3,-1,-2,-3,-3,-3,3,1,-2,1,-1,-2,-2,0,-3,-1,4,0,0,0,0,0,0,0,0,0,0,0,0,0,0,0,0,0,0,0,100,0.36,0.01
57,58,I,-1,0,-2,-2,-2,-1,-1,-3,-2,3,1,2,0,-1,-2,-1,-1,-3,-2,2,0,0,0,0,0,0,0,0,0,64,0,36,0,0,0,0,0,0,0,0,0.16,0.0
58,59,T,0,-1,0,-1,-1,-1,-1,-2,-2,-1,-1,-1,-1,-2,-1,1,5,-3,-2,0,0,0,0,0,0,0,0,0,0,0,0,0,0,0,0,0,100,0,0,0,0.49,0.01
59,60,P,-1,-2,-2,-2,-3,-1,-1,-2,-2,-3,-3,-1,-3,-4,8,-1,-1,-4,-3,-2,0,0,0,0,0,0,0,0,0,0,0,0,0,0,100,0,0,0,0,0,2.06,0.01
60,61,G,1,-2,0,-1,-2,-1,-1,5,-2,-3,-3,-1,-2,-3,-2,2,0,-3,-3,-3,0,0,0,0,0,0,0,64,0,0,0,0,0,0,0,36,0,0,0,0,0.63,0.0
61,62,A,2,-1,0,-1,-1,-1,-1,3,-2,-2,-2,-1,-2,-3,-1,2,0,-3,-2,-2,32,0,0,0,0,0,0,36,0,0,0,0,0,0,0,32,0,0,0,0,0.41,0.0
62,63,R,-1,3,0,3,-3,0,0,-2,-1,-3,-3,0,-2,-3,4,-1,-1,-4,-3,-3,0,32,0,36,0,0,0,0,0,0,0,0,0,0,32,0,0,0,0,0,0.68,0.0
63,64,T,-1,-1,0,3,-2,-1,0,-2,-2,-1,-2,-1,-1,-3,-1,1,4,-3,-2,-1,0,0,0,36,0,0,0,0,0,0,0,0,0,0,0,0,64,0,0,0,0.41,0.0
64,65,R,-1,6,0,-2,-3,1,0,-2,0,-3,-2,2,-1,-3,-2,-1,-1,-3,-2,-3,0,100,0,0,0,0,0,0,0,0,0,0,0,0,0,0,0,0,0,0,0.77,0.01
65,66,G,0,-2,0,-1,-3,-2,-2,6,-2,-4,-4,-2,-3,-3,-2,0,-2,-3,-3,-3,0,0,0,0,0,0,0,100,0,0,0,0,0,0,0,0,0,0,0,0,1.06,0.01
66,67,T,3,-1,-1,-2,-1,-1,-1,0,-2,-1,-1,-1,-1,-2,-1,1,2,-3,-2,0,68,0,0,0,0,0,0,0,0,0,0,0,0,0,0,0,32,0,0,0,0.32,0.0
67,68,R,-1,6,0,-2,-3,1,0,-2,0,-3,-2,2,-1,-3,-2,-1,-1,-3,-2,-3,0,100,0,0,0,0,0,0,0,0,0,0,0,0,0,0,0,0,0,0,0.77,0.01
68,69,R,-1,6,0,-2,-3,1,0,-2,0,-3,-2,2,-1,-3,-2,-1,-1,-3,-2,-3,0,100,0,0,0,0,0,0,0,0,0,0,0,0,0,0,0,0,0,0,0.77,0.01
69,70,I,-2,-3,-3,-3,-2,-3,-3,-4,-2,3,1,-3,1,4,-3,-2,-1,-1,1,2,0,0,0,0,0,0,0,0,0,64,0,0,0,36,0,0,0,0,0,0,0.35,0.0
70,71,I,-1,-3,-3,-3,-1,-3,-3,-4,-3,4,1,-3,1,0,-3,-2,0,-3,-1,3,0,0,0,0,0,0,0,0,0,64,0,0,0,0,0,0,0,0,0,36,0.36,0.0
71,72,T,0,-2,-1,-2,-1,-1,-1,-2,-2,1,0,-1,0,-2,-2,1,4,-3,-2,2,0,0,0,0,0,0,0,0,0,0,0,0,0,0,0,0,64,0,0,36,0.29,0.0
72,73,G,0,-2,0,-1,-3,-2,-2,6,-2,-4,-4,-2,-3,-3,-2,0,-2,-3,-3,-3,0,0,0,0,0,0,0,100,0,0,0,0,0,0,0,0,0,0,0,0,1.06,0.01
73,74,E,-1,0,0,4,-3,3,3,-2,0,-3,-3,1,-2,-3,-1,0,-1,-3,-2,-3,0,0,0,36,0,32,32,0,0,0,0,0,0,0,0,0,0,0,0,0,0.57,0.0
74,75,A,2,-1,-1,-1,-2,3,0,3,-1,-3,-2,0,-1,-3,-1,0,-1,-2,-2,-2,32,0,0,0,0,32,0,36,0,0,0,0,0,0,0,0,0,0,0,0,0.37,0.0
75,76,T,-1,-1,-1,-1,-1,-1,-1,-1,-1,-1,-1,-1,-1,0,-1,0,2,7,1,-1,3,2,2,2,1,2,2,3,1,2,3,2,1,1,2,3,34,32,1,2,0.51,0.0
76,77,Q,0,0,0,-1,-3,4,1,3,0,-3,-3,1,-1,-3,-2,0,-1,-2,-2,-3,0,0,0,0,0,64,0,36,0,0,0,0,0,0,0,0,0,0,0,0,0.51,0.01
77,78,E,-1,0,0,1,-4,2,5,-2,0,-3,-3,1,-2,-3,-1,0,-1,-3,-2,-3,0,0,0,0,0,0,100,0,0,0,0,0,0,0,0,0,0,0,0,0,0.75,0.01
78,79,D,-2,-2,0,5,-3,-1,1,-2,0,-2,-2,-1,-2,0,-2,-1,-1,0,4,-2,0,0,0,64,0,0,0,0,0,0,0,0,0,0,0,0,0,0,36,0,0.57,0.0
79,80,Y,-2,-2,-2,-3,-2,-2,-2,-3,1,-1,0,-2,-1,5,-3,-2,-2,2,6,-1,0,0,0,0,0,0,0,0,0,0,0,0,0,36,0,0,0,0,64,0,0.73,0.01
80,81,Y,-2,-2,-2,-3,-2,-1,-2,-3,2,-1,-1,-2,-1,3,-3,-2,-2,2,7,-1,0,0,0,0,0,0,0,0,0,0,0,0,0,0,0,0,0,0,100,0,0.89,0.01
81,82,T,0,-1,0,-1,-1,-1,-1,-2,-2,-1,-1,-1,-1,-2,-1,1,5,-3,-2,0,0,0,0,0,0,0,0,0,0,0,0,0,0,0,0,0,100,0,0,0,0.49,0.01
82,83,G,2,-1,-1,0,-2,0,3,3,-1,-3,-3,0,-2,-3,-1,0,-1,-3,-2,-2,32,0,0,0,0,0,36,32,0,0,0,0,0,0,0,0,0,0,0,0,0.37,0.0
83,84,D,-2,-2,1,6,-4,0,1,-1,-1,-3,-4,-1,-3,-4,-2,0,-1,-4,-3,-3,0,0,0,100,0,0,0,0,0,0,0,0,0,0,0,0,0,0,0,0,0.95,0.01
84,85,H,-2,0,1,-1,-3,0,0,-2,8,-3,-3,-1,-2,-1,-2,-1,-2,-2,2,-3,0,0,0,0,0,0,0,0,100,0,0,0,0,0,0,0,0,0,0,0,0.9,0.01
85,86,Y,-2,-2,-2,-3,-2,-1,-2,-3,2,-1,-1,-2,-1,3,-3,-2,-2,2,7,-1,0,0,0,0,0,0,0,0,0,0,0,0,0,0,0,0,0,0,100,0,0.89,0.01
86,87,A,3,-1,-1,0,-1,0,3,-1,-1,-2,-2,0,-1,-3,-1,1,0,-3,-2,-1,64,0,0,0,0,0,36,0,0,0,0,0,0,0,0,0,0,0,0,0,0.33,0.0
87,88,T,1,-1,0,-1,-1,0,0,-1,-1,-2,-2,0,-1,-2,-1,3,3,-3,-2,-1,0,0,0,0,0,0,0,0,0,0,0,0,0,0,0,68,32,0,0,0,0.4,0.0
88,89,F,-2,-3,-3,-4,-2,-3,-3,-3,-1,0,0,-3,0,6,-4,-2,-2,1,3,-1,0,0,0,0,0,0,0,0,0,0,0,0,0,100,0,0,0,0,0,0,0.76,0.01
89,90,S,0,5,0,-1,-2,1,0,-2,0,-3,-2,2,-1,-3,-2,2,0,-3,-2,-2,0,68,0,0,0,0,0,0,0,0,0,0,0,0,0,32,0,0,0,0,0.49,0.0
90,91,L,-1,3,-2,-3,-2,-1,-2,-3,-2,1,3,0,1,0,-3,-2,-1,-2,-1,0,0,32,0,0,0,0,0,0,0,0,68,0,0,0,0,0,0,0,0,0,0.28,0.0
91,92,I,-1,-3,-3,-3,-1,-3,-3,-3,-3,3,1,-2,1,0,-3,-2,0,-3,-1,3,0,0,0,0,0,0,0,0,0,50,0,0,0,0,0,0,0,0,0,50,0.34,0.0
92,93,D,-2,-2,1,6,-4,0,2,-1,-1,-3,-4,-1,-3,-4,-2,0,-1,-4,-3,-3,0,0,0,100,0,0,0,0,0,0,0,0,0,0,0,0,0,0,0,0,0.93,0.0
93,94,Q,-1,0,-1,-2,-3,3,0,-2,0,-1,-1,0,0,4,-2,-1,-1,0,2,-1,0,0,0,0,0,50,0,0,0,0,0,0,0,50,0,0,0,0,0,0,0.35,0.0
94,95,T,3,-1,-1,-1,-1,-1,-1,-1,-2,-1,-1,-1,-1,-2,-1,1,3,-3,-2,0,50,0,0,0,0,0,0,0,0,0,0,0,0,0,0,0,50,0,0,0,0.31,0.0
95,96,C,0,-3,-3,-4,9,-3,-4,-3,-3,-1,-1,-3,-1,-2,-3,-1,-1,-2,-2,-1,0,0,0,0,100,0,0,0,0,0,0,0,0,0,0,0,0,0,0,0,1.2,0.0
